Rxns;OldRule;NewRule;Note
2MBCOATA, ACOATA, BCOATA, IBCOATA, IVCOATA, PCOATA;((SCO1271 or SCO2388 or SCO6564) and (SCO2389 or SCO0549 or SCO1267 or SCO1272));(SCO1271 and SCO2389) or (SCO1271 and SCO0549) or (SCO1271 or SCO1267) or (SCO1271 and SCO1272) or (SCO2388 and SCO2389) or (SCO2388 and SCO0549) or (SCO2388 or SCO1267) or (SCO2388 and SCO1272) or (SCO6564 and SCO2389) or (SCO6564 and SCO0549) or (SCO6564 or SCO1267) or (SCO6564 and SCO1272);"v1.0 + merge branch (fix/transporters); hash: 9353c49"
2OXOADOX, AKGDH;(SCO5281 and (SCO2181 or SCO7123 or SCO1268) and (SCO0884 or SCO2180 or SCO4919));(SCO5281 and SCO2181 and SCO0884) or (SCO5281 and SCO2181 and SCO2180) or (SCO5281 and SCO2181 and SCO4919) or (SCO5281 and SCO7123 and SCO0884) or (SCO5281 and SCO7123 and SCO2180) or (SCO5281 and SCO7123 and SCO4919) or (SCO5281 and SCO1268 and SCO0884) or (SCO5281 and SCO1268 and SCO2180) or (SCO5281 and SCO1268 and SCO4919);"v1.0 + merge branch (fix/transporters); hash: 9353c50"
ACCOAC;((SCO2445 or (SCO5535 and SCO5536)) and (SCO2777 or SCO4921 or SCO6271));(SCO2445 and SCO2777) or (SCO2445 and SCO4921) or (SCO2445 and SCO6271) or (SCO5535 and SCO5536 and SCO2777) or (SCO5535 and SCO5536 and SCO4921) or (SCO5535 and SCO5536 and SCO6271);"v1.0 + merge branch (fix/transporters); hash: 9353c51"
ACCOAC_1;((SCO6271 or SCO4921) and SCO2445 and SCO2777);(SCO6271 and SCO2445 and SCO2777) or (SCO4921 and SCO2445 and SCO2777);"v1.0 + merge branch (fix/transporters); hash: 9353c52"
ACHBS, ACLS;((SCO5512 or SCO2769 or SCO6584) and SCO5513);(SCO5512 and SCO5513) or (SCO2769 and SCO5513) or (SCO6584 and SCO5513);"v1.0 + merge branch (fix/transporters); hash: 9353c53"
AKGDH2;(((SCO4594 and SCO4595) or (SCO6269 and SCO6270)) and SCO0681);(SCO4594 and SCO4595 and SCO0681) or (SCO6269 and SCO6270 and SCO0681);"v1.0 + merge branch (fix/transporters); hash: 9353c54"
ATNS_nh4;(SCO3213 and (SCO3214 or SCO2043));(SCO3213 and SCO3214) or (SCO3213 and SCO2043);"v1.0 + merge branch (fix/transporters); hash: 9353c55"
CDAS2;((SCO3246 or SCO1271 or SCO2388 or SCO6564 or SCO6826 or SCP1233B) and SCO3249);(SCO3246 and SCO3249) or (SCO1271 and SCO3249) or (SCO2388 and SCO3249) or (SCO6564 and SCO3249) or (SCO6826 and SCO3249) or (SCP1233B and SCO3249);"v1.0 + merge branch (fix/transporters); hash: 9353c56"
CU10;((SCO3439 and SCO3440) and SCO6712);(SCO3439 and SCO3440 and SCO6712);"v1.0 + merge branch (fix/transporters); hash: 9353c57"
CYO1ab, CYO2a;(SCO2150 and SCO2149 and (SCO7236 or SCO2148 or SCO7120));(SCO2150 and SCO2149 and SCO7236) or (SCO2150 and SCO2149 and SCO2148) or (SCO2150 and SCO2149 and SCO7120);"v1.0 + merge branch (fix/transporters); hash: 9353c58"
CYO2b;(SCO1934 and SCO2156 and (SCO7234 or SCO2155) and SCO2151 and SCO1930 and SCO2154);(SCO1934 and SCO2156 and SCO2151 and SCO1930 and SCO2154 and SCO7234) or (SCO1934 and SCO2156 and SCO2151 and SCO1930 and SCO2154 and SCO2155);"v1.0 + merge branch (fix/transporters); hash: 9353c59"
GLUSx, GLUSy;((SCO1977 or SCO2025) and SCO2026);(SCO1977 and SCO2026) or (SCO2025 and SCO2026);"v1.0 + merge branch (fix/transporters); hash: 9353c60"
GLYCL;(SCO5471 and SCO1378 and SCO5472 and (SCO0884 or SCO2180 or SCO4919));(SCO5471 and SCO1378 and SCO5472 and SCO0884) or (SCO5471 and SCO1378 and SCO5472 and SCO2180) or (SCO5471 and SCO1378 and SCO5472 and SCO4919);"v1.0 + merge branch (fix/transporters); hash: 9353c61"
IBTMr;(SCO5415 and (SCO4800 or SCO6833));(SCO5415 and SCO4800) or (SCO5415 and SCO6833);"v1.0 + merge branch (fix/transporters); hash: 9353c62"
KAS15;((SCO1271 or SCO2388 or SCO6564 or SCO3246 or SCO6826 or SCP1233B) and (SCO2389 or SCO0549 or SCO1267 or SCO1272));(SCO1271 and SCO2389) or (SCO1271 and SCO0549) or (SCO1271 and SCO1267) or (SCO1271 and SCO1272) or (SCO2388 and SCO2389) or (SCO2388 and SCO0549) or (SCO2388 and SCO1267) or (SCO2388 and SCO1272) or (SCO6564 and SCO2389) or (SCO6564 and SCO0549) or (SCO6564 and SCO1267) or (SCO6564 and SCO1272) or (SCO3246 and SCO2389) or (SCO3246 and SCO0549) or (SCO3246 and SCO1267) or (SCO3246 and SCO1272) or (SCO6826 and SCO2389) or (SCO6826 and SCO0549) or (SCO6826 and SCO1267) or (SCO6826 and SCO1272) or (SCP1233B and SCO2389) or (SCP1233B and SCO0549) or (SCP1233B and SCO1267) or (SCP1233B and SCO1272);"v1.0 + merge branch (fix/transporters); hash: 9353c63"
MCOATA;(SCO2387 and (SCO2389 or SCO0549 or SCO1267 or SCO1272));(SCO2387 and SCO2389) or (SCO2387 and SCO0549) or (SCO2387 and SCO1267) or (SCO2387 and SCO1272);"v1.0 + merge branch (fix/transporters); hash: 9353c64"
METSOXR1;(SCO4956 and (SCO0885 or SCO3889 or SCO5419 or SCO5438));(SCO4956 and SCO0885) or (SCO4956 and SCO3889) or (SCO4956 and SCO5419) or (SCO4956 and SCO5438);"v1.0 + merge branch (fix/transporters); hash: 9353c65"
METSOXR2;(SCO6061 and (SCO0885 or SCO3889 or SCO5419 or SCO5438));(SCO6061 and SCO0885) or (SCO6061 and SCO3889) or (SCO6061 and SCO5419) or (SCO6061 and SCO5438);"v1.0 + merge branch (fix/transporters); hash: 9353c66"
MMM;((SCO4800 or SCO6833) and (SCO4869 or SCO6832 or SCO4515));(SCO4800 and SCO4869) or (SCO4800 and SCO6832) or (SCO4800 and SCO4515) or (SCO6833 and SCO4869) or (SCO6833 and SCO6832) or (SCO6833 and SCO4515);"v1.0 + merge branch (fix/transporters); hash: 9353c67"
MPTG, MPTG2;((SCO3847 or SCO5301) and (SCO2709 or SCO3894));(SCO3847 and SCO2709) or (SCO3847 and SCO3894) or (SCO5301 and SCO2709) or (SCO5301 and SCO3894);"v1.0 + merge branch (fix/transporters); hash: 9353c68"
OIVD1r, OIVD2, OIVD3;(((SCO3816 and SCO3817) or (SCO3830 and SCO3831)) and (SCO3815 or SCO3829) and (SCO0884 or SCO2180 or SCO4919));((SCO3816 and SCO3817) or SCO3815 or SCO0884) or ((SCO3816 and SCO3817) or SCO3815 or SCO2180) or ((SCO3816 and SCO3817) or SCO3815 or SCO4919) or ((SCO3816 and SCO3817) or SCO3829 or SCO0884) or ((SCO3816 and SCO3817) or SCO3829 or SCO2180) or ((SCO3816 and SCO3817) or SCO3829 or SCO4919) or ((SCO3830 and SCO3831) or SCO3815 or SCO0884) or ((SCO3830 and SCO3831) or SCO3815 or SCO2180) or ((SCO3830 and SCO3831) or SCO3815 or SCO4919) or ((SCO3830 and SCO3831) or SCO3829 or SCO0884) or ((SCO3830 and SCO3831) or SCO3829 or SCO2180) or ((SCO3830 and SCO3831) or SCO3829 or SCO4919);"v1.0 + merge branch (fix/transporters); hash: 9353c69"
OXDHCOAT;(SCO5144 and (SCO6701 or SCO6967 or SCO3079 or SCO6731));(SCO5144 and SCO6701) or (SCO5144 and SCO6967) or (SCO5144 and SCO3079) or (SCO5144 and SCO6731);"v1.0 + merge branch (fix/transporters); hash: 9353c70"
PAPSR;(SCO6100 and (SCO0885 or SCO3889 or SCO5419 or SCO5438));(SCO6100 and SCO0885) or (SCO6100 and SCO3889) or (SCO6100 and SCO5419) or (SCO6100 and SCO5438);"v1.0 + merge branch (fix/transporters); hash: 9353c71"
PDH;(SCO1269 and SCO1270 and (SCO2183 or SCO2371 or SCO7124) and (SCO0884 or SCO4919 or SCO2180) and (SCO1268 or SCO7123 or SCO2181) and (SCO3815 or SCO3829));(SCO1269 and SCO1270 and SCO2183 and SCO0884 and SCO1268 and SCO3815)  or (SCO1269 and SCO1270 and SCO2183 and SCO0884 and SCO1268 and SCO3829)  or (SCO1269 and SCO1270 and SCO2183 and SCO0884 and SCO7123 and SCO3815)  or (SCO1269 and SCO1270 and SCO2183 and SCO0884 and SCO7123 and SCO3829)  or (SCO1269 and SCO1270 and SCO2183 and SCO0884 and SCO2181 and SCO3815)  or (SCO1269 and SCO1270 and SCO2183 and SCO0884 and SCO2181 and SCO3829)  or (SCO1269 and SCO1270 and SCO2183 and SCO4919 and SCO1268 and SCO3815)  or (SCO1269 and SCO1270 and SCO2183 and SCO4919 and SCO1268 and SCO3829)  or (SCO1269 and SCO1270 and SCO2183 and SCO4919 and SCO7123 and SCO3815)  or (SCO1269 and SCO1270 and SCO2183 and SCO4919 and SCO7123 and SCO3829)  or (SCO1269 and SCO1270 and SCO2183 and SCO4919 and SCO2181 and SCO3815)  or (SCO1269 and SCO1270 and SCO2183 and SCO4919 and SCO2181 and SCO3829)  or (SCO1269 and SCO1270 and SCO2183 and SCO2180 and SCO1268 and SCO3815)  or (SCO1269 and SCO1270 and SCO2183 and SCO2180 and SCO1268 and SCO3829)  or (SCO1269 and SCO1270 and SCO2183 and SCO2180 and SCO7123 and SCO3815)  or (SCO1269 and SCO1270 and SCO2183 and SCO2180 and SCO7123 and SCO3829)  or (SCO1269 and SCO1270 and SCO2183 and SCO2180 and SCO2181 and SCO3815)  or (SCO1269 and SCO1270 and SCO2183 and SCO2180 and SCO2181 and SCO3829)  or (SCO1269 and SCO1270 and SCO2371 and SCO0884 and SCO1268 and SCO3815)  or (SCO1269 and SCO1270 and SCO2371 and SCO0884 and SCO1268 and SCO3829)  or (SCO1269 and SCO1270 and SCO2371 and SCO0884 and SCO7123 and SCO3815)  or (SCO1269 and SCO1270 and SCO2371 and SCO0884 and SCO7123 and SCO3829)  or (SCO1269 and SCO1270 and SCO2371 and SCO0884 and SCO2181 and SCO3815)  or (SCO1269 and SCO1270 and SCO2371 and SCO0884 and SCO2181 and SCO3829)  or (SCO1269 and SCO1270 and SCO2371 and SCO4919 and SCO1268 and SCO3815)  or (SCO1269 and SCO1270 and SCO2371 and SCO4919 and SCO1268 and SCO3829)  or (SCO1269 and SCO1270 and SCO2371 and SCO4919 and SCO7123 and SCO3815)  or (SCO1269 and SCO1270 and SCO2371 and SCO4919 and SCO7123 and SCO3829)  or (SCO1269 and SCO1270 and SCO2371 and SCO4919 and SCO2181 and SCO3815)  or (SCO1269 and SCO1270 and SCO2371 and SCO4919 and SCO2181 and SCO3829)  or (SCO1269 and SCO1270 and SCO2371 and SCO2180 and SCO1268 and SCO3815)  or (SCO1269 and SCO1270 and SCO2371 and SCO2180 and SCO1268 and SCO3829)  or (SCO1269 and SCO1270 and SCO2371 and SCO2180 and SCO7123 and SCO3815)  or (SCO1269 and SCO1270 and SCO2371 and SCO2180 and SCO7123 and SCO3829)  or (SCO1269 and SCO1270 and SCO2371 and SCO2180 and SCO2181 and SCO3815)  or (SCO1269 and SCO1270 and SCO2371 and SCO2180 and SCO2181 and SCO3829)  or (SCO1269 and SCO1270 and SCO7124 and SCO0884 and SCO1268 and SCO3815)  or (SCO1269 and SCO1270 and SCO7124 and SCO0884 and SCO1268 and SCO3829)  or (SCO1269 and SCO1270 and SCO7124 and SCO0884 and SCO7123 and SCO3815)  or (SCO1269 and SCO1270 and SCO7124 and SCO0884 and SCO7123 and SCO3829)  or (SCO1269 and SCO1270 and SCO7124 and SCO0884 and SCO2181 and SCO3815)  or (SCO1269 and SCO1270 and SCO7124 and SCO0884 and SCO2181 and SCO3829)  or (SCO1269 and SCO1270 and SCO7124 and SCO4919 and SCO1268 and SCO3815)  or (SCO1269 and SCO1270 and SCO7124 and SCO4919 and SCO1268 and SCO3829)  or (SCO1269 and SCO1270 and SCO7124 and SCO4919 and SCO7123 and SCO3815)  or (SCO1269 and SCO1270 and SCO7124 and SCO4919 and SCO7123 and SCO3829)  or (SCO1269 and SCO1270 and SCO7124 and SCO4919 and SCO2181 and SCO3815)  or (SCO1269 and SCO1270 and SCO7124 and SCO4919 and SCO2181 and SCO3829)  or (SCO1269 and SCO1270 and SCO7124 and SCO2180 and SCO1268 and SCO3815)  or (SCO1269 and SCO1270 and SCO7124 and SCO2180 and SCO1268 and SCO3829)  or (SCO1269 and SCO1270 and SCO7124 and SCO2180 and SCO7123 and SCO3815)  or (SCO1269 and SCO1270 and SCO7124 and SCO2180 and SCO7123 and SCO3829)  or (SCO1269 and SCO1270 and SCO7124 and SCO2180 and SCO2181 and SCO3815)  or (SCO1269 and SCO1270 and SCO7124 and SCO2180 and SCO2181 and SCO3829) ;"v1.0 + merge branch (fix/transporters); hash: 9353c72"
PPCOAC;((SCO2776 and SCO2777) or (SCO4380 and SCO4381) or ((SCO4921 or SCO6271) and SCO4925 and SCO4926));(SCO4921 and SCO4925 and SCO4926) or (SCO6271 and SCO4925 and SCO4926)) or (SCO2776 and SCO2777) or (SCO4380 and SCO4381);"v1.0 + merge branch (fix/transporters); hash: 9353c73"
RNDR1, RNDR2, RNDR3, RNDR4;(((SCO5225 and SCO5226) or SCO5805) and (SCO0885 or SCO3889 or SCO5419 or SCO5438));(SCO5225 and SCO5226 and SCO0885) or (SCO5225 and SCO5226 and SCO3889) or (SCO5225 and SCO5226 and SCO5419) or (SCO5225 and SCO5226 and SCO5438) or (SCO5805 and SCO0885) or (SCO5805 and SCO3889) or (SCO5805 and SCO5419) or (SCO5805 and SCO5438);"v1.0 + merge branch (fix/transporters); hash: 9353c74"
SUCD9;((SCO0922 or SCO4855 or SCO5106) and (SCO0923 or SCO4856 or SCO5107 or SCO7109));(SCO0922 and SCO0923) or (SCO0922 and SCO4856) or (SCO0922 and SCO5107) or (SCO0922 and SCO7109) or (SCO4855 and SCO0923) or (SCO4855 and SCO4856) or (SCO4855 and SCO5107) or (SCO4855 and SCO7109) or (SCO5106 and SCO0923) or (SCO5106 and SCO4856) or (SCO5106 and SCO5107) or (SCO5106 and SCO7109);"v1.0 + merge branch (fix/transporters); hash: 9353c75"
THIORDXi;(((SCO2901 or SCO7353) and (SCO0885 or SCO3889 or SCO5419 or SCO5438)) or SCO4444);(SCO2901 and SCO0885) or (SCO2901 and SCO3889) or (SCO2901 and SCO5419) or (SCO2901 and SCO5438) or (SCO7353 and SCO0885) or (SCO7353 and SCO3889) or (SCO7353 and SCO5419) or (SCO7353 and SCO5438) ;"v1.0 + merge branch (fix/transporters); hash: 9353c76"
TRDR;((SCO3890 or SCO6834 or SCO7298) and (SCO0885 or SCO3889 or SCO5419 or SCO5438));(SCO3890 and SCO0885) or (SCO3890 and SCO3889) or (SCO3890 and SCO5419) or (SCO3890 and SCO5438) or (SCO6834 and SCO0885) or (SCO6834 and SCO3889) or (SCO6834 and SCO5419) or (SCO6834 and SCO5438) or (SCO7298 and SCO0885) or (SCO7298 and SCO3889) or (SCO7298 and SCO5419) or (SCO7298 and SCO5438);"v1.0 + merge branch (fix/transporters); hash: 9353c77"
NADH17b, NADH8;((SCO4562 or SCO4599) and (SCO4563 or SCO4600) and SCO4564 and (SCO3392 or SCO4565) and SCO4566 and (SCO4567 or SCO6560) and SCO4568 and (SCO4569 or SCO4602) and (SCO4570 or SCO4603) and (SCO4571 or SCO4604) and (SCO4572 or SCO4605) and (SCO4573 or SCO4606 or SCO6954) and (SCO4574 or SCO4607) and (SCO4575 or SCO4608 or SCO6956));(SCO4562 and SCO4563 and SCO3392 and SCO4570 and SCO4572 and SCO4574 and SCO4575 and SCO4564 and SCO4566 and SCO4567 and SCO4568 and SCO4569 and SCO4571 and SCO4573) or (SCO4562 and SCO4563 and SCO3392 and SCO4570 and SCO4572 and SCO4574 and SCO6956 and SCO4564 and SCO4566 and SCO4567 and SCO4568 and SCO4569 and SCO4571 and SCO4573) or (SCO4562 and SCO4563 and SCO3392 and SCO4570 and SCO4572 and SCO4607 and SCO4575 and SCO4564 and SCO4566 and SCO4567 and SCO4568 and SCO4569 and SCO4571 and SCO4573) or (SCO4562 and SCO4563 and SCO3392 and SCO4570 and SCO4572 and SCO4607 and SCO6956 and SCO4564 and SCO4566 and SCO4567 and SCO4568 and SCO4569 and SCO4571 and SCO4573) or (SCO4562 and SCO4563 and SCO3392 and SCO4570 and SCO4605 and SCO4574 and SCO4575 and SCO4564 and SCO4566 and SCO4567 and SCO4568 and SCO4569 and SCO4571 and SCO4573) or (SCO4562 and SCO4563 and SCO3392 and SCO4570 and SCO4605 and SCO4574 and SCO6956 and SCO4564 and SCO4566 and SCO4567 and SCO4568 and SCO4569 and SCO4571 and SCO4573) or (SCO4562 and SCO4563 and SCO3392 and SCO4570 and SCO4605 and SCO4607 and SCO4575 and SCO4564 and SCO4566 and SCO4567 and SCO4568 and SCO4569 and SCO4571 and SCO4573) or (SCO4562 and SCO4563 and SCO3392 and SCO4570 and SCO4605 and SCO4607 and SCO6956 and SCO4564 and SCO4566 and SCO4567 and SCO4568 and SCO4569 and SCO4571 and SCO4573) or (SCO4562 and SCO4563 and SCO3392 and SCO4603 and SCO4572 and SCO4574 and SCO4575 and SCO4564 and SCO4566 and SCO4567 and SCO4568 and SCO4569 and SCO4571 and SCO4573) or (SCO4562 and SCO4563 and SCO3392 and SCO4603 and SCO4572 and SCO4574 and SCO6956 and SCO4564 and SCO4566 and SCO4567 and SCO4568 and SCO4569 and SCO4571 and SCO4573) or (SCO4562 and SCO4563 and SCO3392 and SCO4603 and SCO4572 and SCO4607 and SCO4575 and SCO4564 and SCO4566 and SCO4567 and SCO4568 and SCO4569 and SCO4571 and SCO4573) or (SCO4562 and SCO4563 and SCO3392 and SCO4603 and SCO4572 and SCO4607 and SCO6956 and SCO4564 and SCO4566 and SCO4567 and SCO4568 and SCO4569 and SCO4571 and SCO4573) or (SCO4562 and SCO4563 and SCO3392 and SCO4603 and SCO4605 and SCO4574 and SCO4575 and SCO4564 and SCO4566 and SCO4567 and SCO4568 and SCO4569 and SCO4571 and SCO4573) or (SCO4562 and SCO4563 and SCO3392 and SCO4603 and SCO4605 and SCO4574 and SCO6956 and SCO4564 and SCO4566 and SCO4567 and SCO4568 and SCO4569 and SCO4571 and SCO4573) or (SCO4562 and SCO4563 and SCO3392 and SCO4603 and SCO4605 and SCO4607 and SCO4575 and SCO4564 and SCO4566 and SCO4567 and SCO4568 and SCO4569 and SCO4571 and SCO4573) or (SCO4562 and SCO4563 and SCO3392 and SCO4603 and SCO4605 and SCO4607 and SCO6956 and SCO4564 and SCO4566 and SCO4567 and SCO4568 and SCO4569 and SCO4571 and SCO4573) or (SCO4562 and SCO4563 and SCO4565 and SCO4570 and SCO4572 and SCO4574 and SCO4575 and SCO4564 and SCO4566 and SCO4567 and SCO4568 and SCO4569 and SCO4571 and SCO4573) or (SCO4562 and SCO4563 and SCO4565 and SCO4570 and SCO4572 and SCO4574 and SCO6956 and SCO4564 and SCO4566 and SCO4567 and SCO4568 and SCO4569 and SCO4571 and SCO4573) or (SCO4562 and SCO4563 and SCO4565 and SCO4570 and SCO4572 and SCO4607 and SCO4575 and SCO4564 and SCO4566 and SCO4567 and SCO4568 and SCO4569 and SCO4571 and SCO4573) or (SCO4562 and SCO4563 and SCO4565 and SCO4570 and SCO4572 and SCO4607 and SCO6956 and SCO4564 and SCO4566 and SCO4567 and SCO4568 and SCO4569 and SCO4571 and SCO4573) or (SCO4562 and SCO4563 and SCO4565 and SCO4570 and SCO4605 and SCO4574 and SCO4575 and SCO4564 and SCO4566 and SCO4567 and SCO4568 and SCO4569 and SCO4571 and SCO4573) or (SCO4562 and SCO4563 and SCO4565 and SCO4570 and SCO4605 and SCO4574 and SCO6956 and SCO4564 and SCO4566 and SCO4567 and SCO4568 and SCO4569 and SCO4571 and SCO4573) or (SCO4562 and SCO4563 and SCO4565 and SCO4570 and SCO4605 and SCO4607 and SCO4575 and SCO4564 and SCO4566 and SCO4567 and SCO4568 and SCO4569 and SCO4571 and SCO4573) or (SCO4562 and SCO4563 and SCO4565 and SCO4570 and SCO4605 and SCO4607 and SCO6956 and SCO4564 and SCO4566 and SCO4567 and SCO4568 and SCO4569 and SCO4571 and SCO4573) or (SCO4562 and SCO4563 and SCO4565 and SCO4603 and SCO4572 and SCO4574 and SCO4575 and SCO4564 and SCO4566 and SCO4567 and SCO4568 and SCO4569 and SCO4571 and SCO4573) or (SCO4562 and SCO4563 and SCO4565 and SCO4603 and SCO4572 and SCO4574 and SCO6956 and SCO4564 and SCO4566 and SCO4567 and SCO4568 and SCO4569 and SCO4571 and SCO4573) or (SCO4562 and SCO4563 and SCO4565 and SCO4603 and SCO4572 and SCO4607 and SCO4575 and SCO4564 and SCO4566 and SCO4567 and SCO4568 and SCO4569 and SCO4571 and SCO4573) or (SCO4562 and SCO4563 and SCO4565 and SCO4603 and SCO4572 and SCO4607 and SCO6956 and SCO4564 and SCO4566 and SCO4567 and SCO4568 and SCO4569 and SCO4571 and SCO4573) or (SCO4562 and SCO4563 and SCO4565 and SCO4603 and SCO4605 and SCO4574 and SCO4575 and SCO4564 and SCO4566 and SCO4567 and SCO4568 and SCO4569 and SCO4571 and SCO4573) or (SCO4562 and SCO4563 and SCO4565 and SCO4603 and SCO4605 and SCO4574 and SCO6956 and SCO4564 and SCO4566 and SCO4567 and SCO4568 and SCO4569 and SCO4571 and SCO4573) or (SCO4562 and SCO4563 and SCO4565 and SCO4603 and SCO4605 and SCO4607 and SCO4575 and SCO4564 and SCO4566 and SCO4567 and SCO4568 and SCO4569 and SCO4571 and SCO4573) or (SCO4562 and SCO4563 and SCO4565 and SCO4603 and SCO4605 and SCO4607 and SCO6956 and SCO4564 and SCO4566 and SCO4567 and SCO4568 and SCO4569 and SCO4571 and SCO4573) or (SCO4562 and SCO4600 and SCO3392 and SCO4570 and SCO4572 and SCO4574 and SCO4575 and SCO4564 and SCO4566 and SCO4567 and SCO4568 and SCO4569 and SCO4571 and SCO4573) or (SCO4562 and SCO4600 and SCO3392 and SCO4570 and SCO4572 and SCO4574 and SCO6956 and SCO4564 and SCO4566 and SCO4567 and SCO4568 and SCO4569 and SCO4571 and SCO4573) or (SCO4562 and SCO4600 and SCO3392 and SCO4570 and SCO4572 and SCO4607 and SCO4575 and SCO4564 and SCO4566 and SCO4567 and SCO4568 and SCO4569 and SCO4571 and SCO4573) or (SCO4562 and SCO4600 and SCO3392 and SCO4570 and SCO4572 and SCO4607 and SCO6956 and SCO4564 and SCO4566 and SCO4567 and SCO4568 and SCO4569 and SCO4571 and SCO4573) or (SCO4562 and SCO4600 and SCO3392 and SCO4570 and SCO4605 and SCO4574 and SCO4575 and SCO4564 and SCO4566 and SCO4567 and SCO4568 and SCO4569 and SCO4571 and SCO4573) or (SCO4562 and SCO4600 and SCO3392 and SCO4570 and SCO4605 and SCO4574 and SCO6956 and SCO4564 and SCO4566 and SCO4567 and SCO4568 and SCO4569 and SCO4571 and SCO4573) or (SCO4562 and SCO4600 and SCO3392 and SCO4570 and SCO4605 and SCO4607 and SCO4575 and SCO4564 and SCO4566 and SCO4567 and SCO4568 and SCO4569 and SCO4571 and SCO4573) or (SCO4562 and SCO4600 and SCO3392 and SCO4570 and SCO4605 and SCO4607 and SCO6956 and SCO4564 and SCO4566 and SCO4567 and SCO4568 and SCO4569 and SCO4571 and SCO4573) or (SCO4562 and SCO4600 and SCO3392 and SCO4603 and SCO4572 and SCO4574 and SCO4575 and SCO4564 and SCO4566 and SCO4567 and SCO4568 and SCO4569 and SCO4571 and SCO4573) or (SCO4562 and SCO4600 and SCO3392 and SCO4603 and SCO4572 and SCO4574 and SCO6956 and SCO4564 and SCO4566 and SCO4567 and SCO4568 and SCO4569 and SCO4571 and SCO4573) or (SCO4562 and SCO4600 and SCO3392 and SCO4603 and SCO4572 and SCO4607 and SCO4575 and SCO4564 and SCO4566 and SCO4567 and SCO4568 and SCO4569 and SCO4571 and SCO4573) or (SCO4562 and SCO4600 and SCO3392 and SCO4603 and SCO4572 and SCO4607 and SCO6956 and SCO4564 and SCO4566 and SCO4567 and SCO4568 and SCO4569 and SCO4571 and SCO4573) or (SCO4562 and SCO4600 and SCO3392 and SCO4603 and SCO4605 and SCO4574 and SCO4575 and SCO4564 and SCO4566 and SCO4567 and SCO4568 and SCO4569 and SCO4571 and SCO4573) or (SCO4562 and SCO4600 and SCO3392 and SCO4603 and SCO4605 and SCO4574 and SCO6956 and SCO4564 and SCO4566 and SCO4567 and SCO4568 and SCO4569 and SCO4571 and SCO4573) or (SCO4562 and SCO4600 and SCO3392 and SCO4603 and SCO4605 and SCO4607 and SCO4575 and SCO4564 and SCO4566 and SCO4567 and SCO4568 and SCO4569 and SCO4571 and SCO4573) or (SCO4562 and SCO4600 and SCO3392 and SCO4603 and SCO4605 and SCO4607 and SCO6956 and SCO4564 and SCO4566 and SCO4567 and SCO4568 and SCO4569 and SCO4571 and SCO4573) or (SCO4562 and SCO4600 and SCO4565 and SCO4570 and SCO4572 and SCO4574 and SCO4575 and SCO4564 and SCO4566 and SCO4567 and SCO4568 and SCO4569 and SCO4571 and SCO4573) or (SCO4562 and SCO4600 and SCO4565 and SCO4570 and SCO4572 and SCO4574 and SCO6956 and SCO4564 and SCO4566 and SCO4567 and SCO4568 and SCO4569 and SCO4571 and SCO4573) or (SCO4562 and SCO4600 and SCO4565 and SCO4570 and SCO4572 and SCO4607 and SCO4575 and SCO4564 and SCO4566 and SCO4567 and SCO4568 and SCO4569 and SCO4571 and SCO4573) or (SCO4562 and SCO4600 and SCO4565 and SCO4570 and SCO4572 and SCO4607 and SCO6956 and SCO4564 and SCO4566 and SCO4567 and SCO4568 and SCO4569 and SCO4571 and SCO4573) or (SCO4562 and SCO4600 and SCO4565 and SCO4570 and SCO4605 and SCO4574 and SCO4575 and SCO4564 and SCO4566 and SCO4567 and SCO4568 and SCO4569 and SCO4571 and SCO4573) or (SCO4562 and SCO4600 and SCO4565 and SCO4570 and SCO4605 and SCO4574 and SCO6956 and SCO4564 and SCO4566 and SCO4567 and SCO4568 and SCO4569 and SCO4571 and SCO4573) or (SCO4562 and SCO4600 and SCO4565 and SCO4570 and SCO4605 and SCO4607 and SCO4575 and SCO4564 and SCO4566 and SCO4567 and SCO4568 and SCO4569 and SCO4571 and SCO4573) or (SCO4562 and SCO4600 and SCO4565 and SCO4570 and SCO4605 and SCO4607 and SCO6956 and SCO4564 and SCO4566 and SCO4567 and SCO4568 and SCO4569 and SCO4571 and SCO4573) or (SCO4562 and SCO4600 and SCO4565 and SCO4603 and SCO4572 and SCO4574 and SCO4575 and SCO4564 and SCO4566 and SCO4567 and SCO4568 and SCO4569 and SCO4571 and SCO4573) or (SCO4562 and SCO4600 and SCO4565 and SCO4603 and SCO4572 and SCO4574 and SCO6956 and SCO4564 and SCO4566 and SCO4567 and SCO4568 and SCO4569 and SCO4571 and SCO4573) or (SCO4562 and SCO4600 and SCO4565 and SCO4603 and SCO4572 and SCO4607 and SCO4575 and SCO4564 and SCO4566 and SCO4567 and SCO4568 and SCO4569 and SCO4571 and SCO4573) or (SCO4562 and SCO4600 and SCO4565 and SCO4603 and SCO4572 and SCO4607 and SCO6956 and SCO4564 and SCO4566 and SCO4567 and SCO4568 and SCO4569 and SCO4571 and SCO4573) or (SCO4562 and SCO4600 and SCO4565 and SCO4603 and SCO4605 and SCO4574 and SCO4575 and SCO4564 and SCO4566 and SCO4567 and SCO4568 and SCO4569 and SCO4571 and SCO4573) or (SCO4562 and SCO4600 and SCO4565 and SCO4603 and SCO4605 and SCO4574 and SCO6956 and SCO4564 and SCO4566 and SCO4567 and SCO4568 and SCO4569 and SCO4571 and SCO4573) or (SCO4562 and SCO4600 and SCO4565 and SCO4603 and SCO4605 and SCO4607 and SCO4575 and SCO4564 and SCO4566 and SCO4567 and SCO4568 and SCO4569 and SCO4571 and SCO4573) or (SCO4562 and SCO4600 and SCO4565 and SCO4603 and SCO4605 and SCO4607 and SCO6956 and SCO4564 and SCO4566 and SCO4567 and SCO4568 and SCO4569 and SCO4571 and SCO4573) or (SCO4599 and SCO4563 and SCO3392 and SCO4570 and SCO4572 and SCO4574 and SCO4575 and SCO4564 and SCO4566 and SCO4567 and SCO4568 and SCO4569 and SCO4571 and SCO4573) or (SCO4599 and SCO4563 and SCO3392 and SCO4570 and SCO4572 and SCO4574 and SCO6956 and SCO4564 and SCO4566 and SCO4567 and SCO4568 and SCO4569 and SCO4571 and SCO4573) or (SCO4599 and SCO4563 and SCO3392 and SCO4570 and SCO4572 and SCO4607 and SCO4575 and SCO4564 and SCO4566 and SCO4567 and SCO4568 and SCO4569 and SCO4571 and SCO4573) or (SCO4599 and SCO4563 and SCO3392 and SCO4570 and SCO4572 and SCO4607 and SCO6956 and SCO4564 and SCO4566 and SCO4567 and SCO4568 and SCO4569 and SCO4571 and SCO4573) or (SCO4599 and SCO4563 and SCO3392 and SCO4570 and SCO4605 and SCO4574 and SCO4575 and SCO4564 and SCO4566 and SCO4567 and SCO4568 and SCO4569 and SCO4571 and SCO4573) or (SCO4599 and SCO4563 and SCO3392 and SCO4570 and SCO4605 and SCO4574 and SCO6956 and SCO4564 and SCO4566 and SCO4567 and SCO4568 and SCO4569 and SCO4571 and SCO4573) or (SCO4599 and SCO4563 and SCO3392 and SCO4570 and SCO4605 and SCO4607 and SCO4575 and SCO4564 and SCO4566 and SCO4567 and SCO4568 and SCO4569 and SCO4571 and SCO4573) or (SCO4599 and SCO4563 and SCO3392 and SCO4570 and SCO4605 and SCO4607 and SCO6956 and SCO4564 and SCO4566 and SCO4567 and SCO4568 and SCO4569 and SCO4571 and SCO4573) or (SCO4599 and SCO4563 and SCO3392 and SCO4603 and SCO4572 and SCO4574 and SCO4575 and SCO4564 and SCO4566 and SCO4567 and SCO4568 and SCO4569 and SCO4571 and SCO4573) or (SCO4599 and SCO4563 and SCO3392 and SCO4603 and SCO4572 and SCO4574 and SCO6956 and SCO4564 and SCO4566 and SCO4567 and SCO4568 and SCO4569 and SCO4571 and SCO4573) or (SCO4599 and SCO4563 and SCO3392 and SCO4603 and SCO4572 and SCO4607 and SCO4575 and SCO4564 and SCO4566 and SCO4567 and SCO4568 and SCO4569 and SCO4571 and SCO4573) or (SCO4599 and SCO4563 and SCO3392 and SCO4603 and SCO4572 and SCO4607 and SCO6956 and SCO4564 and SCO4566 and SCO4567 and SCO4568 and SCO4569 and SCO4571 and SCO4573) or (SCO4599 and SCO4563 and SCO3392 and SCO4603 and SCO4605 and SCO4574 and SCO4575 and SCO4564 and SCO4566 and SCO4567 and SCO4568 and SCO4569 and SCO4571 and SCO4573) or (SCO4599 and SCO4563 and SCO3392 and SCO4603 and SCO4605 and SCO4574 and SCO6956 and SCO4564 and SCO4566 and SCO4567 and SCO4568 and SCO4569 and SCO4571 and SCO4573) or (SCO4599 and SCO4563 and SCO3392 and SCO4603 and SCO4605 and SCO4607 and SCO4575 and SCO4564 and SCO4566 and SCO4567 and SCO4568 and SCO4569 and SCO4571 and SCO4573) or (SCO4599 and SCO4563 and SCO3392 and SCO4603 and SCO4605 and SCO4607 and SCO6956 and SCO4564 and SCO4566 and SCO4567 and SCO4568 and SCO4569 and SCO4571 and SCO4573) or (SCO4599 and SCO4563 and SCO4565 and SCO4570 and SCO4572 and SCO4574 and SCO4575 and SCO4564 and SCO4566 and SCO4567 and SCO4568 and SCO4569 and SCO4571 and SCO4573) or (SCO4599 and SCO4563 and SCO4565 and SCO4570 and SCO4572 and SCO4574 and SCO6956 and SCO4564 and SCO4566 and SCO4567 and SCO4568 and SCO4569 and SCO4571 and SCO4573) or (SCO4599 and SCO4563 and SCO4565 and SCO4570 and SCO4572 and SCO4607 and SCO4575 and SCO4564 and SCO4566 and SCO4567 and SCO4568 and SCO4569 and SCO4571 and SCO4573) or (SCO4599 and SCO4563 and SCO4565 and SCO4570 and SCO4572 and SCO4607 and SCO6956 and SCO4564 and SCO4566 and SCO4567 and SCO4568 and SCO4569 and SCO4571 and SCO4573) or (SCO4599 and SCO4563 and SCO4565 and SCO4570 and SCO4605 and SCO4574 and SCO4575 and SCO4564 and SCO4566 and SCO4567 and SCO4568 and SCO4569 and SCO4571 and SCO4573) or (SCO4599 and SCO4563 and SCO4565 and SCO4570 and SCO4605 and SCO4574 and SCO6956 and SCO4564 and SCO4566 and SCO4567 and SCO4568 and SCO4569 and SCO4571 and SCO4573) or (SCO4599 and SCO4563 and SCO4565 and SCO4570 and SCO4605 and SCO4607 and SCO4575 and SCO4564 and SCO4566 and SCO4567 and SCO4568 and SCO4569 and SCO4571 and SCO4573) or (SCO4599 and SCO4563 and SCO4565 and SCO4570 and SCO4605 and SCO4607 and SCO6956 and SCO4564 and SCO4566 and SCO4567 and SCO4568 and SCO4569 and SCO4571 and SCO4573) or (SCO4599 and SCO4563 and SCO4565 and SCO4603 and SCO4572 and SCO4574 and SCO4575 and SCO4564 and SCO4566 and SCO4567 and SCO4568 and SCO4569 and SCO4571 and SCO4573) or (SCO4599 and SCO4563 and SCO4565 and SCO4603 and SCO4572 and SCO4574 and SCO6956 and SCO4564 and SCO4566 and SCO4567 and SCO4568 and SCO4569 and SCO4571 and SCO4573) or (SCO4599 and SCO4563 and SCO4565 and SCO4603 and SCO4572 and SCO4607 and SCO4575 and SCO4564 and SCO4566 and SCO4567 and SCO4568 and SCO4569 and SCO4571 and SCO4573) or (SCO4599 and SCO4563 and SCO4565 and SCO4603 and SCO4572 and SCO4607 and SCO6956 and SCO4564 and SCO4566 and SCO4567 and SCO4568 and SCO4569 and SCO4571 and SCO4573) or (SCO4599 and SCO4563 and SCO4565 and SCO4603 and SCO4605 and SCO4574 and SCO4575 and SCO4564 and SCO4566 and SCO4567 and SCO4568 and SCO4569 and SCO4571 and SCO4573) or (SCO4599 and SCO4563 and SCO4565 and SCO4603 and SCO4605 and SCO4574 and SCO6956 and SCO4564 and SCO4566 and SCO4567 and SCO4568 and SCO4569 and SCO4571 and SCO4573) or (SCO4599 and SCO4563 and SCO4565 and SCO4603 and SCO4605 and SCO4607 and SCO4575 and SCO4564 and SCO4566 and SCO4567 and SCO4568 and SCO4569 and SCO4571 and SCO4573) or (SCO4599 and SCO4563 and SCO4565 and SCO4603 and SCO4605 and SCO4607 and SCO6956 and SCO4564 and SCO4566 and SCO4567 and SCO4568 and SCO4569 and SCO4571 and SCO4573) or (SCO4599 and SCO4600 and SCO3392 and SCO4570 and SCO4572 and SCO4574 and SCO4575 and SCO4564 and SCO4566 and SCO4567 and SCO4568 and SCO4569 and SCO4571 and SCO4573) or (SCO4599 and SCO4600 and SCO3392 and SCO4570 and SCO4572 and SCO4574 and SCO6956 and SCO4564 and SCO4566 and SCO4567 and SCO4568 and SCO4569 and SCO4571 and SCO4573) or (SCO4599 and SCO4600 and SCO3392 and SCO4570 and SCO4572 and SCO4607 and SCO4575 and SCO4564 and SCO4566 and SCO4567 and SCO4568 and SCO4569 and SCO4571 and SCO4573) or (SCO4599 and SCO4600 and SCO3392 and SCO4570 and SCO4572 and SCO4607 and SCO6956 and SCO4564 and SCO4566 and SCO4567 and SCO4568 and SCO4569 and SCO4571 and SCO4573) or (SCO4599 and SCO4600 and SCO3392 and SCO4570 and SCO4605 and SCO4574 and SCO4575 and SCO4564 and SCO4566 and SCO4567 and SCO4568 and SCO4569 and SCO4571 and SCO4573) or (SCO4599 and SCO4600 and SCO3392 and SCO4570 and SCO4605 and SCO4574 and SCO6956 and SCO4564 and SCO4566 and SCO4567 and SCO4568 and SCO4569 and SCO4571 and SCO4573) or (SCO4599 and SCO4600 and SCO3392 and SCO4570 and SCO4605 and SCO4607 and SCO4575 and SCO4564 and SCO4566 and SCO4567 and SCO4568 and SCO4569 and SCO4571 and SCO4573) or (SCO4599 and SCO4600 and SCO3392 and SCO4570 and SCO4605 and SCO4607 and SCO6956 and SCO4564 and SCO4566 and SCO4567 and SCO4568 and SCO4569 and SCO4571 and SCO4573) or (SCO4599 and SCO4600 and SCO3392 and SCO4603 and SCO4572 and SCO4574 and SCO4575 and SCO4564 and SCO4566 and SCO4567 and SCO4568 and SCO4569 and SCO4571 and SCO4573) or (SCO4599 and SCO4600 and SCO3392 and SCO4603 and SCO4572 and SCO4574 and SCO6956 and SCO4564 and SCO4566 and SCO4567 and SCO4568 and SCO4569 and SCO4571 and SCO4573) or (SCO4599 and SCO4600 and SCO3392 and SCO4603 and SCO4572 and SCO4607 and SCO4575 and SCO4564 and SCO4566 and SCO4567 and SCO4568 and SCO4569 and SCO4571 and SCO4573) or (SCO4599 and SCO4600 and SCO3392 and SCO4603 and SCO4572 and SCO4607 and SCO6956 and SCO4564 and SCO4566 and SCO4567 and SCO4568 and SCO4569 and SCO4571 and SCO4573) or (SCO4599 and SCO4600 and SCO3392 and SCO4603 and SCO4605 and SCO4574 and SCO4575 and SCO4564 and SCO4566 and SCO4567 and SCO4568 and SCO4569 and SCO4571 and SCO4573) or (SCO4599 and SCO4600 and SCO3392 and SCO4603 and SCO4605 and SCO4574 and SCO6956 and SCO4564 and SCO4566 and SCO4567 and SCO4568 and SCO4569 and SCO4571 and SCO4573) or (SCO4599 and SCO4600 and SCO3392 and SCO4603 and SCO4605 and SCO4607 and SCO4575 and SCO4564 and SCO4566 and SCO4567 and SCO4568 and SCO4569 and SCO4571 and SCO4573) or (SCO4599 and SCO4600 and SCO3392 and SCO4603 and SCO4605 and SCO4607 and SCO6956 and SCO4564 and SCO4566 and SCO4567 and SCO4568 and SCO4569 and SCO4571 and SCO4573) or (SCO4599 and SCO4600 and SCO4565 and SCO4570 and SCO4572 and SCO4574 and SCO4575 and SCO4564 and SCO4566 and SCO4567 and SCO4568 and SCO4569 and SCO4571 and SCO4573) or (SCO4599 and SCO4600 and SCO4565 and SCO4570 and SCO4572 and SCO4574 and SCO6956 and SCO4564 and SCO4566 and SCO4567 and SCO4568 and SCO4569 and SCO4571 and SCO4573) or (SCO4599 and SCO4600 and SCO4565 and SCO4570 and SCO4572 and SCO4607 and SCO4575 and SCO4564 and SCO4566 and SCO4567 and SCO4568 and SCO4569 and SCO4571 and SCO4573) or (SCO4599 and SCO4600 and SCO4565 and SCO4570 and SCO4572 and SCO4607 and SCO6956 and SCO4564 and SCO4566 and SCO4567 and SCO4568 and SCO4569 and SCO4571 and SCO4573) or (SCO4599 and SCO4600 and SCO4565 and SCO4570 and SCO4605 and SCO4574 and SCO4575 and SCO4564 and SCO4566 and SCO4567 and SCO4568 and SCO4569 and SCO4571 and SCO4573) or (SCO4599 and SCO4600 and SCO4565 and SCO4570 and SCO4605 and SCO4574 and SCO6956 and SCO4564 and SCO4566 and SCO4567 and SCO4568 and SCO4569 and SCO4571 and SCO4573) or (SCO4599 and SCO4600 and SCO4565 and SCO4570 and SCO4605 and SCO4607 and SCO4575 and SCO4564 and SCO4566 and SCO4567 and SCO4568 and SCO4569 and SCO4571 and SCO4573) or (SCO4599 and SCO4600 and SCO4565 and SCO4570 and SCO4605 and SCO4607 and SCO6956 and SCO4564 and SCO4566 and SCO4567 and SCO4568 and SCO4569 and SCO4571 and SCO4573) or (SCO4599 and SCO4600 and SCO4565 and SCO4603 and SCO4572 and SCO4574 and SCO4575 and SCO4564 and SCO4566 and SCO4567 and SCO4568 and SCO4569 and SCO4571 and SCO4573) or (SCO4599 and SCO4600 and SCO4565 and SCO4603 and SCO4572 and SCO4574 and SCO6956 and SCO4564 and SCO4566 and SCO4567 and SCO4568 and SCO4569 and SCO4571 and SCO4573) or (SCO4599 and SCO4600 and SCO4565 and SCO4603 and SCO4572 and SCO4607 and SCO4575 and SCO4564 and SCO4566 and SCO4567 and SCO4568 and SCO4569 and SCO4571 and SCO4573) or (SCO4599 and SCO4600 and SCO4565 and SCO4603 and SCO4572 and SCO4607 and SCO6956 and SCO4564 and SCO4566 and SCO4567 and SCO4568 and SCO4569 and SCO4571 and SCO4573) or (SCO4599 and SCO4600 and SCO4565 and SCO4603 and SCO4605 and SCO4574 and SCO4575 and SCO4564 and SCO4566 and SCO4567 and SCO4568 and SCO4569 and SCO4571 and SCO4573) or (SCO4599 and SCO4600 and SCO4565 and SCO4603 and SCO4605 and SCO4574 and SCO6956 and SCO4564 and SCO4566 and SCO4567 and SCO4568 and SCO4569 and SCO4571 and SCO4573) or (SCO4599 and SCO4600 and SCO4565 and SCO4603 and SCO4605 and SCO4607 and SCO4575 and SCO4564 and SCO4566 and SCO4567 and SCO4568 and SCO4569 and SCO4571 and SCO4573) or (SCO4599 and SCO4600 and SCO4565 and SCO4603 and SCO4605 and SCO4607 and SCO6956 and SCO4564 and SCO4566 and SCO4567 and SCO4568 and SCO4569 and SCO4571 and SCO4573);"v1.0 + merge branch (fix/transporters); hash: 9353c78"
NAt3_1;((SCO3521 or SCO3185) and SCO1962);(SCO3521 and SCO1962) or (SCO3185 and SCO1962);"v1.0 + merge branch (fix/transporters); hash: 9353c79"
RMNabc;((SCO0670 or SCO5961) and SCO0809 and SCO0810 and SCO0808 and SCO0811);(SCO0670 and SCO0809 and SCO0810 and SCO0808 and SCO0811) or (SCO5961 and SCO0809 and SCO0810 and SCO0808 and SCO0811);"v1.0 + merge branch (fix/transporters); hash: 9353c80"
SUCD3;((SCO4856 or SCO5107 or SCO7109) and (SCO4855 or SCO5106) and SCO4858 and SCO4857);(SCO4856 and SCO4855 and SCO4858 and SCO4857) or (SCO4856 and SCO5106 and SCO4858 and SCO4857) or (SCO5107 and SCO4855 and SCO4858 and SCO4857) or (SCO5107 and SCO5106 and SCO4858 and SCO4857) or (SCO7109 and SCO4855 and SCO4858 and SCO4857) or (SCO7109 and SCO5106 and SCO4858 and SCO4857);"v1.0 + merge branch (fix/transporters); hash: 9353c81"
COBALTabc;((SCO2324 or SCO5958 or SCO5959 or SCO5960 or SCO6720) and SCO2323 and SCO2325);(SCO2324 and SCO2323 and SCO2325) or (SCO5958 and SCO2323 and SCO2325) or (SCO5959 and SCO2323 and SCO2325) or (SCO5960 and SCO2323 and SCO2325) or (SCO6720 and SCO2323 and SCO2325);"v1.0 + merge branch (fix/transporters); hash: 9353c82"
ENTBACTINt;((SCO3898 or SCO4337) and (SCO6427 or SCO6430 or SCO7309 or SCO7346 or SCO7369));(SCO3898 and SCO6427) or (SCO3898 and SCO6430) or (SCO3898 and SCO7309) or (SCO3898 and SCO7346) or (SCO3898 and SCO7369) or (SCO4337 and SCO6427) or (SCO4337 and SCO6430) or (SCO4337 and SCO7309) or (SCO4337 and SCO7346) or (SCO4337 and SCO7369);"v1.0 + merge branch (fix/transporters); hash: 9353c83"
FRUpts;((SCO0137 or SCO3196) and SCO1391 and SCO5841);(SCO0137 and SCO1391 and SCO5841) or (SCO3196 and SCO1391 and SCO5841);"v1.0 + merge branch (fix/transporters); hash: 9353c84"
GLUt2r;((SCO0836 or SCO2070) and SCO2656 and SCO4498);(SCO0836 and SCO2656 and SCO4498) or (SCO2070 and SCO2656 and SCO4498);"v1.0 + merge branch (fix/transporters); hash: 9353c85"
ASO3t8;((SCO3698 or SCO6837) and (SCO7367 or SCO3577 or SCO3578));(SCO3698 and SCO7367) or (SCO6837 and SCO7367) or (SCO3698 and SCO3577) or (SCO6837 and SCO3577) or (SCO3698 and SCO3578) or (SCO6837 and SCO3578);"v1.0 + merge branch (fix/transporters); hash: 9353c86"
SPMDabc;((SCO2664 or SCO3454 or SCO3455) and SCO5668 and SCO5669 and SCO5670 and SCO5658 and SCO5667);(SCO2664 and SCO5668 and SCO5669 and SCO5670 and SCO5658 and SCO5667) or (SCO3454 and SCO5668 and SCO5669 and SCO5670 and SCO5658 and SCO5667) or (SCO3455 and SCO5668 and SCO5669 and SCO5670 and SCO5658 and SCO5667);"v1.0 + merge branch (fix/transporters); hash: 9353c87"
DARBabc;((SCO0625 or SCO0272 or SCO0354 or SCO7011) and SCO7012);(SCO0625 and SCO7012) or (SCO0272 and SCO7012) or (SCO0354 and SCO7012) or (SCO7011 and SCO7012);"v1.0 + merge branch (fix/transporters); hash: 9353c88"
ACTt;((SCO0423 or SCO0839 or SCO2454 or SCO2519 or SCO3166 or SCO5084 or SCO5502 or SCO5905 or SCO6091 or SCO6666 or SCO7077 or SCO7090) and SCO5083);(SCO0423 and SCO5083) or (SCO0839 and SCO5083) or (SCO2454 and SCO5083) or (SCO2519 and SCO5083) or (SCO3166 and SCO5083) or (SCO5084 and SCO5083) or (SCO5502 and SCO5083) or (SCO5905 and SCO5083) or (SCO6091 and SCO5083) or (SCO6666 and SCO5083) or (SCO7077 and SCO5083) or (SCO7090 and SCO5083);"v1.2.0 devel branch; hash: 616dffb"
ASO3t8;((SCO3698 or SCO6837) and (SCO7367 or SCO3577 or SCO3578 or SCO2128));(SCO3698 and SCO7367) or (SCO3698 and SCO3577) or (SCO3698 and SCO3578) or (SCO3698 and SCO2128) or (SCO6837 and SCO7367) or (SCO6837 and SCO3577) or (SCO6837 and SCO3578) or (SCO6837 and SCO2128);"v1.2.0 devel branch; hash: 616dffb"
CD2t4;(SCO0874 and (SCO3024 or SCO3521 or SCO0776 or SCO1310 or SCO2772 or SCO6751));(SCO0874 and SCO3024) or (SCO0874 and SCO3521) or (SCO0874 and SCO0776) or (SCO0874 and SCO1310) or (SCO0874 and SCO2772) or (SCO0874 and SCO6751);"v1.2.0 devel branch; hash: 616dffb"
CHTBSabc;(((SCO6230 or SCO7487 or SCO7505 or SCO6086) and SCO5232 and SCO5233 and SCO5234 and SCO4240) or (SCO6005 and SCO6006 and SCO6007 and SCO4240));(SCO6230 and SCO5232 and SCO5233 and SCO5234 and SCO4240) or (SCO7487 and SCO5232 and SCO5233 and SCO5234 and SCO4240) or (SCO7505 and SCO5232 and SCO5233 and SCO5234 and SCO4240) or (SCO6086 and SCO5232 and SCO5233 and SCO5234 and SCO4240) or (SCO6005 and SCO6006 and SCO6007 and SCO4240);"v1.2.0 devel branch; hash: 616dffb"
DARBabc;((SCO0272 or SCO0354 or SCO7011 or SCO7012) and SCO1065);(SCO0272 and SCO1065) or (SCO0354 and SCO1065) or (SCO7011 and SCO1065) or (SCO7012 and SCO1065);"v1.2.0 devel branch; hash: 616dffb"
LCTSabc;((SCO0271 or SCO0353 or SCO0363 or SCO0453 or SCO0454 or SCO0455) and SCO7409 and SCO7410 and SCO7408 and SCO1065);(SCO0271 and SCO7409 and SCO7410 and SCO7408 and SCO1065) or (SCO0353 and SCO7409 and SCO7410 and SCO7408 and SCO1065) or (SCO0363 and SCO7409 and SCO7410 and SCO7408 and SCO1065) or (SCO0453 and SCO7409 and SCO7410 and SCO7408 and SCO1065) or (SCO0454 and SCO7409 and SCO7410 and SCO7408 and SCO1065) or (SCO0455 and SCO7409 and SCO7410 and SCO7408 and SCO1065);"v1.2.0 devel branch; hash: 616dffb"
NAt3_15;((SCO2071 or SCO3185 or SCO3139 or SCO3564 or SCO3603 or SCO5246) and SCO1962);(SCO2071 and SCO1962) or (SCO3185 and SCO1962) or (SCO3139 and SCO1962) or (SCO3564 and SCO1962) or (SCO3603 and SCO1962) or (SCO5246 and SCO1962);"v1.2.0 devel branch; hash: 616dffb"
SPMDabc;((SCO3454 or SCO3455 or SCO3456) and SCO5668 and SCO5669 and SCO5670 and SCO5658 and SCO5667);(SCO3454 and SCO5668 and SCO5669 and SCO5670 and SCO5658 and SCO5667) or (SCO3455 and SCO5668 and SCO5669 and SCO5670 and SCO5658 and SCO5667) or (SCO3456 and SCO5668 and SCO5669 and SCO5670 and SCO5658 and SCO5667);"v1.2.0 devel branch; hash: 616dffb"